{"cameraMode":{"drawMode":0,"name":"Shaded","section":"Shading Mode"},"sceneLighting":true,"audioPlay":false,"sceneViewState":{"showFog":true,"showMaterialUpdate":false,"showSkybox":true,"showFlares":true,"showImageEffects":true,"showParticleSystems":true},"in2DMode":false,"pivot":{"x":20.318880081176759,"y":-10.120659828186036,"z":72.78527069091797},"rotation":{"x":0.3876664340496063,"y":-0.41017618775367739,"z":0.19844551384449006,"w":0.8013048768043518},"size":14.663243293762207,"orthographic":true}