{"cameraMode":{"drawMode":0,"name":"Shaded","section":"Shading Mode"},"sceneLighting":true,"audioPlay":false,"sceneViewState":{"showFog":true,"showMaterialUpdate":false,"showSkybox":true,"showFlares":true,"showImageEffects":true,"showParticleSystems":true},"in2DMode":false,"pivot":{"x":20.318880081176759,"y":-10.120659828186036,"z":72.78527069091797},"rotation":{"x":0.3876664638519287,"y":-0.41017621755599978,"z":0.19844552874565125,"w":0.8013049364089966},"size":14.663243293762207,"orthographic":true}