{"cameraMode":{"drawMode":0,"name":"Shaded","section":"Shading Mode"},"sceneLighting":true,"audioPlay":false,"sceneViewState":{"showFog":true,"showMaterialUpdate":false,"showSkybox":true,"showFlares":true,"showImageEffects":true,"showParticleSystems":true},"in2DMode":false,"pivot":{"x":-0.08013775944709778,"y":1.0817346572875977,"z":-4.761885166168213},"rotation":{"x":-0.059215713292360309,"y":0.2840634882450104,"z":-0.0175801832228899,"w":-0.956813633441925},"size":12.294208526611329,"orthographic":false}